{
    "name": "root",
    "metadata": {
        "timer_format_version": "0.1.0",
        "start_time_seconds": "1716063506",
        "python_version": "3.10.12 | packaged by Anaconda, Inc. | (main, Jul  5 2023, 19:01:18) [MSC v.1916 64 bit (AMD64)]",
        "command_line_arguments": "\\\\?\\C:\\Users\\smtks\\anaconda3\\envs\\mlagents\\Scripts\\mlagents-learn config/trainer_config.yaml --run-id=MovingAgentRun4",
        "mlagents_version": "1.0.0",
        "mlagents_envs_version": "1.0.0",
        "communication_protocol_version": "1.5.0",
        "pytorch_version": "2.2.2+cpu",
        "numpy_version": "1.21.5",
        "end_time_seconds": "1716063599"
    },
    "total": 93.71112110000104,
    "count": 1,
    "self": 0.0062120999791659415,
    "children": {
        "run_training.setup": {
            "total": 0.0818732000188902,
            "count": 1,
            "self": 0.0818732000188902
        },
        "TrainerController.start_learning": {
            "total": 93.62303580000298,
            "count": 1,
            "self": 0.06440280267270282,
            "children": {
                "TrainerController._reset_env": {
                    "total": 8.063831999956165,
                    "count": 1,
                    "self": 8.063831999956165
                },
                "TrainerController.advance": {
                    "total": 85.35143309738487,
                    "count": 3234,
                    "self": 0.061128898756578565,
                    "children": {
                        "env_step": {
                            "total": 80.95330190041568,
                            "count": 3234,
                            "self": 77.37617380177835,
                            "children": {
                                "SubprocessEnvManager._take_step": {
                                    "total": 3.5390197002561763,
                                    "count": 3234,
                                    "self": 0.14807560085318983,
                                    "children": {
                                        "TorchPolicy.evaluate": {
                                            "total": 3.3909440994029865,
                                            "count": 3187,
                                            "self": 3.3909440994029865
                                        }
                                    }
                                },
                                "workers": {
                                    "total": 0.038108398381154984,
                                    "count": 3233,
                                    "self": 0.0,
                                    "children": {
                                        "worker_root": {
                                            "total": 23.647565299645066,
                                            "count": 3233,
                                            "is_parallel": true,
                                            "self": 11.605255998612847,
                                            "children": {
                                                "steps_from_proto": {
                                                    "total": 0.001281399978324771,
                                                    "count": 1,
                                                    "is_parallel": true,
                                                    "self": 0.0004236000240780413,
                                                    "children": {
                                                        "_process_rank_one_or_two_observation": {
                                                            "total": 0.0008577999542467296,
                                                            "count": 2,
                                                            "is_parallel": true,
                                                            "self": 0.0008577999542467296
                                                        }
                                                    }
                                                },
                                                "UnityEnvironment.step": {
                                                    "total": 12.041027901053894,
                                                    "count": 3233,
                                                    "is_parallel": true,
                                                    "self": 0.21185110160149634,
                                                    "children": {
                                                        "UnityEnvironment._generate_step_input": {
                                                            "total": 0.1811273004859686,
                                                            "count": 3233,
                                                            "is_parallel": true,
                                                            "self": 0.1811273004859686
                                                        },
                                                        "communicator.exchange": {
                                                            "total": 10.958099699637387,
                                                            "count": 3233,
                                                            "is_parallel": true,
                                                            "self": 10.958099699637387
                                                        },
                                                        "steps_from_proto": {
                                                            "total": 0.6899497993290424,
                                                            "count": 3233,
                                                            "is_parallel": true,
                                                            "self": 0.4216790010104887,
                                                            "children": {
                                                                "_process_rank_one_or_two_observation": {
                                                                    "total": 0.2682707983185537,
                                                                    "count": 6466,
                                                                    "is_parallel": true,
                                                                    "self": 0.2682707983185537
                                                                }
                                                            }
                                                        }
                                                    }
                                                }
                                            }
                                        }
                                    }
                                }
                            }
                        },
                        "trainer_advance": {
                            "total": 4.33700229821261,
                            "count": 3233,
                            "self": 0.07383869704790413,
                            "children": {
                                "process_trajectory": {
                                    "total": 0.21726070123258978,
                                    "count": 3233,
                                    "self": 0.21726070123258978
                                },
                                "_update_policy": {
                                    "total": 4.045902899932116,
                                    "count": 24,
                                    "self": 0.5079411002225243,
                                    "children": {
                                        "TorchPPOOptimizer.update": {
                                            "total": 3.537961799709592,
                                            "count": 897,